{"segGroups": [{"objectId": 14, "id": 14, "partId": 14, "index": 0, "dominantNormal": [0.19357384741306305, -0.9810857176780701, -2.1784479057941787e-16], "obb": {"axesLengths": [0.9268719317065223, 1.9655450143170716, 0.5565825318810739], "centroid": [1.3907468158281269, 0.5861810032152379, -0.49066753801768526], "normalizedAxes": [0.9810857176780701, 0.19357386231422424, 4.298203178137433e-17, 0, -2.220446049250313e-16, 1, 0.19357386231422424, -0.9810857176780701, -2.1784479057941787e-16]}, "segments": [14266, 5687, 7641, 14274, 19606, 19612, 20033, 6120, 12747, 13952, 13529, 12467, 12309, 12337, 13021, 20012, 19672, 6921, 6787, 19938, 167, 780, 12597, 13677, 13697, 14445, 13333, 13533, 20234, 13579, 12280, 12326, 8828, 14281, 19946, 12655, 8833, 13668], "label": "shower curtain"}, {"objectId": 9, "id": 9, "partId": 9, "index": 1, "dominantNormal": [0.858914315700531, 0.5121193528175354, 1.1371333937083237e-16], "obb": {"axesLengths": [0.7013256537194875, 0.8915099302341797, 0.5017997494685286], "centroid": [1.1166639999198558, 0.7791385287125456, -0.9957549917759371], "normalizedAxes": [-0.5121193528175354, 0.858914315700531, 1.9071728989417802e-16, 0, -2.220446049250313e-16, 1, 0.858914315700531, 0.5121193528175354, 1.1371333937083237e-16]}, "segments": [491, 535, 542, 551, 710, 3443, 3524, 3530, 3532, 3565, 3569, 3579, 5592, 12238, 12474, 12541, 12634, 16852, 17033, 17047, 17146, 17338, 19162, 19206, 19218, 19585, 19594, 19596, 19615, 19979, 764, 17306, 17317], "label": "sink"}, {"objectId": 8, "id": 8, "partId": 8, "index": 2, "dominantNormal": [-0.4036863148212433, -0.9148974418640137, -2.0314804102561672e-16], "obb": {"axesLengths": [0.6601911405519979, 0.9000000156462185, 0.42179136258591954], "centroid": [1.1466507510944897, 0.7842240447079492, -1.0000000344819564], "normalizedAxes": [0.9148974418640137, -0.4036863148212433, -8.963636828812478e-17, 0, -2.220446049250313e-16, 1, -0.4036863148212433, -0.9148974418640137, -2.0314804102561672e-16]}, "segments": [641, 3355, 5524, 12865, 12978, 19619], "label": "bath cabinet"}, {"objectId": 6, "id": 6, "partId": 6, "index": 3, "dominantNormal": [0.9967128038406372, 0.08101578056812286, 1.798911698894187e-17], "obb": {"axesLengths": [0.5511873882764953, 0.4886900077307965, 0.4491248990959673], "centroid": [0.01564759616744693, 1.2885872967393963, -1.2543449987847726], "normalizedAxes": [-0.08101578056812286, 0.9967128038406372, 2.2131470075251452e-16, 0, -2.220446049250313e-16, 1, 0.9967128038406372, 0.08101578056812286, 1.798911698894187e-17]}, "segments": [6158, 2760, 4306, 4859, 2814, 1862, 1867, 4530, 330, 1935, 2723, 2510, 2580], "label": "toilet"}, {"objectId": 5, "id": 5, "partId": 5, "index": 4, "dominantNormal": [0, -2.220446049250313e-16, 1], "obb": {"axesLengths": [3.0161041924455896, 0.5060299521826961, 2.1338629956328368], "centroid": [0.6975468886824423, 0.1736240121484447, -1.3830149730968846], "normalizedAxes": [0.966390073299408, -0.25708016753196716, -5.708326423369651e-17, 0, -2.220446049250313e-16, 1, -0.25708016753196716, -0.966390073299408, -2.1458170202923909e-16]}, "segments": [8908, 664, 19508, 5117, 12098, 8770, 11987, 10530, 10756, 1972, 10927, 14537, 5424, 4], "label": "floor"}, {"objectId": 2, "id": 2, "partId": 2, "index": 5, "dominantNormal": [0.9026429653167725, -0.4303901791572571, -9.556581729458659e-17], "obb": {"axesLengths": [1.2472798550994844, 2.5641199969324457, 0.21380217178088956], "centroid": [2.0725836698571873, -0.038673047123232385, -0.19206001648239757], "normalizedAxes": [0.4303901791572571, 0.9026429653167725, 2.0042700062212148e-16, 0, -2.220446049250313e-16, 1, 0.9026429653167725, -0.4303901791572571, -9.556581729458659e-17]}, "segments": [16014, 18870, 10980, 11718, 2946, 14416, 10045, 16703, 11487, 21096, 19683, 11807, 11801, 21104, 11000, 11980, 11905, 12080, 16665, 11009, 11845], "label": "wall"}, {"objectId": 4, "id": 4, "partId": 4, "index": 6, "dominantNormal": [0.9359808564186096, -0.3520509898662567, -7.817102295831917e-17], "obb": {"axesLengths": [1.1167977923543744, 2.205789993573948, 0.21517358931392971], "centroid": [-0.39583972884593954, 1.1010851943392717, -0.37289502106163597], "normalizedAxes": [0.3520509898662567, 0.9359808564186096, 2.0782949948086263e-16, 0, -2.220446049250313e-16, 1, 0.9359808564186096, -0.3520509898662567, -7.817102295831917e-17]}, "segments": [8275, 18350, 2133, 6829, 10864, 4557], "label": "wall"}, {"objectId": 1, "id": 1, "partId": 1, "index": 7, "dominantNormal": [-0.3882479667663574, -0.9215549230575562, -2.0462629880703268e-16], "obb": {"axesLengths": [2.8579799373656747, 2.7228899585554744, 0.4594496401861078], "centroid": [1.0634557942689615, 1.0248667692947304, -0.23144503633495317], "normalizedAxes": [0.9215549230575562, -0.3882479965686798, -8.620837301102742e-17, 0, -2.220446049250313e-16, 1, -0.3882479965686798, -0.9215549230575562, -2.0462629880703268e-16]}, "segments": [2940, 8181, 8076, 6895, 4256, 3692, 9766, 19739, 13643, 20343, 13251, 13109, 13971, 7666, 2469, 3376, 13503, 20083, 13011, 7345, 18821, 8582, 14507, 6065, 6953, 7399, 14509, 6092, 13780, 9438, 19925, 13169, 20152, 14168, 17223, 17130, 17964, 9738, 5059, 9472, 9907, 17228, 5734, 14087, 17419, 17925, 17849, 10196, 3235, 14632, 4288, 14296, 17134, 4220, 20335, 17125, 7511, 6136, 14606, 4217, 6877, 20269, 7170, 7187, 4510], "label": "wall"}, {"objectId": 19, "id": 19, "partId": 19, "index": 8, "dominantNormal": [-0.4402920603752136, -0.8978546261787415, -1.9936377574997032e-16], "obb": {"axesLengths": [0.3933884368860364, 1.1021579853707997, 0.2140524801238793], "centroid": [1.1680732130786833, -0.19630639364626012, -0.24107902426163053], "normalizedAxes": [0.8978546261787415, -0.440292090177536, -9.776448321508724e-17, 0, -2.220446049250313e-16, 1, -0.440292090177536, -0.8978546261787415, -1.9936377574997032e-16]}, "segments": [20772, 16282, 16099, 15778, 16366, 10202, 10374, 15765, 15789, 16115, 16208, 20385, 20844, 20944, 20958, 20964, 20968], "label": "towel"}, {"objectId": 33, "id": 33, "partId": 33, "index": 9, "dominantNormal": [0.9473084211349487, -0.3203228712081909, -7.112596538587444e-17], "obb": {"axesLengths": [0.7973310961856623, 0.20048799662691325, 0.17069321881595334], "centroid": [-0.3176706102442445, 0.7964374710753217, 0.5981759471996289], "normalizedAxes": [0.3203228712081909, 0.9473084211349487, 2.1034472411306487e-16, 0, -2.220446049250313e-16, 1, 0.9473084211349487, -0.3203228712081909, -7.112596538587444e-17]}, "segments": [5722, 11039, 7046, 18463, 7103, 18248, 6674], "label": "towel"}, {"objectId": 7, "id": 7, "partId": 7, "index": 10, "dominantNormal": [0.3924458622932434, -0.919775128364563, -2.0423110499757935e-16], "obb": {"axesLengths": [0.5968947316101093, 2.0553599732661243, 0.2917831451929878], "centroid": [0.5608188896661972, 1.0135252703620976, -0.4376800530780094], "normalizedAxes": [0.919775128364563, 0.3924458622932434, 8.714048644736647e-17, 0, -2.220446049250313e-16, 1, 0.3924458622932434, -0.919775128364563, -2.0423110499757935e-16]}, "segments": [6348, 2386, 6561, 5154, 2385, 16805, 7330, 4123, 1566, 865, 6362, 1378, 6975, 6977], "label": "bath cabinet"}, {"objectId": 17, "id": 17, "partId": 17, "index": 11, "dominantNormal": [0, -2.220446049250313e-16, 1], "obb": {"axesLengths": [0.3600881793426979, 0.23059498748343454, 0.23287244314191738], "centroid": [0.5279691041362758, 1.063297406394462, 0.6252974457742093], "normalizedAxes": [0.9944273233413696, 0.10542415827512741, 2.3408865573754636e-17, 0, -2.220446049250313e-16, 1, 0.10542415827512741, -0.9944273233413696, -2.2080722213799078e-16]}, "segments": [17752, 6492, 8206, 17776, 6494, 17427], "label": "plant"}, {"objectId": 32, "id": 32, "partId": 32, "index": 12, "dominantNormal": [0.9998036623001099, -0.019815785810351372, -4.399988331538512e-18], "obb": {"axesLengths": [0.23986005013568237, 0.2600000051409004, 0.14358378736854382], "centroid": [-0.4167268195023386, 0.9699488625335178, -0.14000002915479182],